Line 2 x,Line 2 y
2.752087234330E10,5.670198319429E0
2.786797405487E10,5.275221190298E0
2.821997657532E10,5.027309520468E0
2.857613100874E10,4.727413778185E0
2.857483631002E10,4.457311647810E0
2.893523093949E10,4.146822303502E0
2.930071406361E10,3.951940306205E0
2.967050810608E10,3.716193916061E0
2.966916382442E10,3.503868120031E0
2.985484583722E10,3.259794157721E0
3.023194468773E10,3.106598493731E0
3.042114881811E10,2.890197711026E0
3.042002112087E10,2.754371417714E0
3.041889346544E10,2.624928349288E0
3.041776585182E10,2.501568522888E0
3.060813292861E10,2.327313179806E0
3.099474660622E10,2.217939927802E0
3.138624363089E10,2.113706726719E0
3.158267184593E10,1.966469228538E0
3.158150109160E10,1.874054019292E0
3.118467832880E10,1.743510353149E0
3.079398317714E10,1.702048792223E0
3.040761920998E10,1.622060154214E0
3.040649201428E10,1.545830622429E0
3.040536486037E10,1.473183535785E0
3.040423774824E10,1.403950535471E0
3.040311067789E10,1.337971174786E0
3.040198364932E10,1.275092547301E0
3.002053799661E10,1.215168932502E0
2.964387824168E10,1.158061458082E0
2.937503068047E10,1.130522168962E0
2.890521274505E10,1.077392711717E0
2.854254668124E10,1.026760100005E0
2.818443089267E10,9.785069933151E-1
2.783080828824E10,9.325215656142E-1
2.748162249315E10,8.886972461887E-1
2.713732082825E10,8.675635747133E-1
2.679683603701E10,8.267919887016E-1
2.646062321845E10,7.879364838561E-1
2.622064537337E10,7.691989544390E-1
2.580127799947E10,7.330500631703E-1
2.547755618445E10,6.986000072061E-1
2.515836232994E10,6.819869445368E-1
2.484270700788E10,6.499366254841E-1
2.461740243948E10,6.344808027259E-1
2.422367698893E10,6.046630586722E-1
2.392019227586E10,5.902838643064E-1
2.362007194619E10,5.625431775760E-1
2.340585575333E10,5.491656153560E-1
2.303150752043E10,5.233573013906E-1
2.274295882261E10,5.109115991908E-1
2.253669738258E10,4.987618621048E-1
2.217666132494E10,4.869010519319E-1
2.176141284752E10,4.753222978436E-1
2.135393971984E10,4.640188924030E-1
2.095409635181E10,4.529842876797E-1
2.056173987947E10,4.422120914560E-1
2.037526044598E10,4.316960635249E-1
2.004938290391E10,4.114082901583E-1
1.979819555441E10,4.016247922530E-1
1.942748282903E10,3.920739508925E-1
1.906371154052E10,3.827502333861E-1
1.870675171346E10,3.736482386131E-1
1.835647580616E10,3.647626938946E-1
1.801275866507E10,3.560884519384E-1
1.778741671432E10,3.560884519384E-1
1.745435496081E10,3.476204878576E-1
1.712752964586E10,3.393538962596E-1
1.691326202513E10,3.393538962596E-1
1.659656844347E10,3.312838884046E-1
1.628580481338E10,3.234057894315E-1
1.598086009906E10,3.157150356496E-1
1.568162534380E10,3.082071718952E-1
1.548544617370E10,3.082071718952E-1
1.529172123051E10,3.082071718952E-1
1.500539030517E10,3.008778489507E-1
1.472442080367E10,2.937228210250E-1
1.454021638672E10,2.937228210250E-1
1.426795706745E10,2.867379432941E-1
1.400079568723E10,2.799191695001E-1
1.382564391448E10,2.799191695001E-1
1.365268331316E10,2.799191695001E-1
1.339704267025E10,2.732625496071E-1
1.314618878881E10,2.667642275129E-1
1.298172825937E10,2.667642275129E-1
1.273865096225E10,2.604204388157E-1
1.250012518333E10,2.542275086327E-1
1.234374699352E10,2.542275086327E-1
1.218932511518E10,2.542275086327E-1
1.196108522727E10,2.481818494721E-1
1.173711903343E10,2.422799591541E-1
1.159028614968E10,2.422799591541E-1
1.144529016437E10,2.422799591541E-1
1.130210809767E10,2.422799591541E-1
1.116071725722E10,2.422799591541E-1
1.095173761055E10,2.365184187827E-1
1.074667101819E10,2.308938907650E-1
1.061222876776E10,2.308938907650E-1
1.047946840735E10,2.308938907650E-1
1.034836889629E10,2.308938907650E-1
1.021890945714E10,2.308938907650E-1
1.002756475783E10,2.254031168777E-1
9.839802905990E9,2.200429163797E-1
9.716705693447E9,2.200429163797E-1
9.595148443022E9,2.200429163797E-1
9.475111889591E9,2.200429163797E-1
9.356577009036E9,2.200429163797E-1
9.239525015235E9,2.200429163797E-1
9.066518869788E9,2.148101841694E-1
8.896752190257E9,2.097018889865E-1
8.785452664670E9,2.097018889865E-1
8.675545510605E9,2.097018889865E-1
8.567013309315E9,2.097018889865E-1
8.459838859961E9,2.097018889865E-1
8.354005176891E9,2.097018889865E-1
8.249495486943E9,2.097018889865E-1
8.146293226793E9,2.097018889865E-1
8.044382040323E9,2.097018889865E-1
7.893754434791E9,2.047150716551E-1
7.745947266607E9,1.998468433704E-1
7.649044460104E9,1.998468433704E-1
7.553353920298E9,1.998468433704E-1
7.458860481575E9,1.998468433704E-1
7.365549168045E9,1.998468433704E-1
7.273405191169E9,1.998468433704E-1
7.182413947413E9,1.998468433704E-1
7.092561015936E9,1.998468433704E-1
6.959755851093E9,1.950943840247E-1
6.829437406037E9,1.904549405738E-1
6.744000256944E9,1.904549405738E-1
6.659631937685E9,1.904549405738E-1
6.576319077059E9,1.904549405738E-1
6.494048471141E9,1.904549405738E-1
6.412807081191E9,1.904549405738E-1
6.332582031582E9,1.904549405738E-1
6.253360607765E9,1.904549405738E-1
6.175130254251E9,1.904549405738E-1
6.097878572622E9,1.904549405738E-1
6.021593319564E9,1.904549405738E-1
5.908841565773E9,1.859258254424E-1
5.798201040241E9,1.815044149670E-1
5.725664792042E9,1.815044149670E-1
5.654035981730E9,1.815044149670E-1
5.583303257140E9,1.815044149670E-1
5.513455408123E9,1.815044149670E-1
5.444481364770E9,1.815044149670E-1
5.376370195659E9,1.815044149670E-1
5.309111106121E9,1.815044149670E-1
5.242693436531E9,1.815044149670E-1
5.177106660614E9,1.815044149670E-1
5.112340383784E9,1.815044149670E-1
5.016614001470E9,1.771881478764E-1
4.922680054632E9,1.729745238074E-1
4.861096687693E9,1.729745238074E-1
4.800283736674E9,1.729745238074E-1
4.740231563572E9,1.729745238074E-1
4.680930650956E9,1.729745238074E-1
4.622371600460E9,1.729745238074E-1
4.564545131293E9,1.729745238074E-1
4.507442078766E9,1.729745238074E-1
4.451053392844E9,1.729745238074E-1
4.395370136709E9,1.729745238074E-1
4.340383485340E9,1.729745238074E-1
4.259111665055E9,1.688611018570E-1
4.179361624768E9,1.648454991679E-1
4.127077267943E9,1.648454991679E-1
4.075446995214E9,1.648454991679E-1
4.024462623904E9,1.648454991679E-1
3.974116073702E9,1.648454991679E-1
3.924399365382E9,1.648454991679E-1
3.875304619542E9,1.648454991679E-1
3.826824055350E9,1.648454991679E-1
3.778949989314E9,1.648454991679E-1
3.731674834062E9,1.648454991679E-1
3.684991097144E9,1.648454991679E-1
3.615991218398E9,1.609253895484E-1
3.548283332805E9,1.570985021248E-1
3.503893847390E9,1.570985021248E-1
3.460059680203E9,1.570985021248E-1
3.416773884143E9,1.570985021248E-1
3.374029599013E9,1.570985021248E-1
3.331820050444E9,1.570985021248E-1
3.290138548809E9,1.570985021248E-1
3.248978488175E9,1.570985021248E-1
3.208333345246E9,1.570985021248E-1
3.148258678588E9,1.533626200261E-1
3.089308884313E9,1.497155790995E-1
3.050661228869E9,1.497155790995E-1
2.993538905005E9,1.461552666568E-1
2.937486172170E9,1.426796202505E-1
2.900737838577E9,1.426796202505E-1
2.937486172170E9,1.426796202505E-1
2.900737838577E9,1.426796202505E-1
2.870430182765E9,1.404085630781E-1
2.846264494132E9,1.295841383558E-1
2.882186200714E9,1.218540132856E-1
2.882055617508E9,1.148918495894E-1
2.881948781104E9,1.094924494024E-1
2.881841948660E9,1.043467967395E-1
2.881735120177E9,9.944296660841E-2
2.918080450369E9,9.251592539210E-2
2.954938948636E9,8.816809300319E-2
2.992232197418E9,8.290857285844E-2
2.992096628359E9,7.817156797455E-2
3.029833871856E9,7.272625905254E-2
3.068103936172E9,6.930845197455E-2
3.106857392609E9,6.605126645711E-2
3.146100346931E9,6.294715400930E-2
3.185806176720E9,5.919214680329E-2
3.185661837404E9,5.581018666542E-2
3.205599039058E9,5.192253652276E-2
3.246089206699E9,4.948241083574E-2
3.266404588055E9,4.603554364108E-2
3.286847111549E9,4.282877981360E-2
3.307512934982E9,4.136543636868E-2
3.349255896471E9,3.889785043745E-2
3.391560604910E9,3.706982641592E-2
3.434399667370E9,3.532771130159E-2
3.477744021836E9,3.322029576236E-2
3.477586455693E9,3.132224471836E-2
3.499350643473E9,2.914038623655E-2
3.521352568137E9,2.814473813806E-2
3.565794324686E9,2.646581085083E-2
3.610834146641E9,2.522203677487E-2
3.656442870046E9,2.403671448642E-2
3.702627680740E9,2.290709701436E-2
3.725869329176E9,2.183056648286E-2
3.772931070806E9,2.080462804448E-2
3.820587252909E9,1.982690409838E-2
3.844608930492E9,1.914947246779E-2
3.893130392291E9,1.800714271135E-2
3.942304821255E9,1.716088799380E-2
3.967050939576E9,1.635440344181E-2
4.017159064648E9,1.558582003647E-2
4.042416673875E9,1.505329476530E-2
4.093434597873E9,1.415531563967E-2
4.145139084640E9,1.349007947031E-2
4.171158407573E9,1.285610640890E-2
4.223844629749E9,1.225192722999E-2
4.250401760143E9,1.183331204931E-2
4.304044591017E9,1.112741560784E-2
4.331061374736E9,1.060447712152E-2
4.385767343570E9,1.010611439207E-2
4.441164307697E9,9.631172469436E-3
4.525658375461E9,9.178550681044E-3
4.582822313956E9,8.747200080970E-3
4.640708294547E9,8.336121019035E-3
4.669838339472E9,7.944360824120E-3
4.699199624408E9,7.672923524558E-3
4.758506575826E9,7.215208103118E-3
4.849038145752E9,6.876125773773E-3
4.910286718959E9,6.552978788833E-3
4.972308927599E9,6.245018258782E-3
5.003571975396E9,6.031642893614E-3
5.066720303576E9,5.671835323502E-3
5.098524455161E9,5.405284573244E-3
5.130581074341E9,5.220600634485E-3
5.195332339842E9,4.909174434036E-3
5.294174610104E9,4.678465315399E-3
5.361045736178E9,4.458598487689E-3
5.462939480940E9,4.148019504131E-3
5.531987860405E9,3.995593580201E-3
5.601816676944E9,3.767304204918E-3
5.656668191291E9,3.542571972630E-3
5.744117898249E9,3.340166115705E-3
5.816672292549E9,3.183193331175E-3
5.890143126976E9,3.033597561508E-3
5.964541977154E9,2.891032120186E-3
6.039880564923E9,2.755166613397E-3
6.116170760179E9,2.625686174350E-3
6.193424582751E9,2.502290733581E-3
6.271654204288E9,2.384694323538E-3
6.350871950183E9,2.272624415859E-3
6.431090301509E9,2.165821289790E-3
6.512321896992E9,2.064037430282E-3
6.594579534996E9,1.967036954383E-3
6.677876175542E9,1.874595064577E-3
6.762224942352E9,1.786497527819E-3
6.847568613230E9,1.679927005354E-3
6.934003656924E9,1.583943898245E-3
6.992141109222E9,1.497443932852E-3
7.021327302775E9,1.438565682314E-3
7.110014227149E9,1.370959565415E-3
7.199821362875E9,1.306530631941E-3
7.290762859430E9,1.245129568561E-3
7.362152090219E9,1.170853446376E-3
7.475967859695E9,1.103956401805E-3
7.570319429770E9,1.038101728800E-3
7.665877565461E9,9.787894913588E-4
7.762705853702E9,9.327907875204E-4
7.860757187487E9,8.889538158762E-4
7.937727652698E9,8.359247625860E-4
8.060358577685E9,7.776955536067E-4
8.162102347657E9,7.332616970270E-4
8.242023505354E9,6.895201967231E-4
8.369355534172E9,6.414893003704E-4
8.474999690828E9,6.048376267973E-4
8.582048062772E9,5.764129786875E-4
8.654003376693E9,5.449347787567E-4
8.690126420209E9,5.235083962880E-4
8.799892074393E9,4.989058562216E-4
8.886058301210E9,4.691444616881E-4
9.023433018653E9,4.423397594764E-4
9.137408694079E9,4.215517802717E-4
9.252728726600E9,3.964048137799E-4
9.369523468930E9,3.737561120337E-4
9.487870639412E9,3.561912557934E-4
9.607712662092E9,3.394518687958E-4
9.729068418565E9,3.234991576991E-4
9.810640808640E9,3.058327075322E-4
9.851591821648E9,2.938076197264E-4
9.851226627917E9,2.799999830440E-4
9.945747538043E9,2.623832988020E-4
1.010166153316E10,2.543009049133E-4
1.026528053631E10,2.482535003519E-4
1.042444974894E10,2.482535003519E-4
1.065998946491E10,2.365867023934E-4
1.075715355326E10,2.309605505568E-4
1.089302798590E10,2.201064434610E-4
1.089262418664E10,2.097624305808E-4
1.089222040234E10,1.999045397821E-4
